batter,season,runs,balls_faced,innings,fours,sixes,dismissals,average,strike_rate,boundary_pct,bat_index
A Ashish Reddy,2012,35,29,5,3,1,4,8.75,120.69,13.79,54.53
A Ashish Reddy,2013,125,89,10,8,5,6,20.83,140.45,14.61,67.43
A Ashish Reddy,2015,73,46,5,3,5,3,24.33,158.7,17.39,76.69
A Badoni,2022,161,130,11,11,7,8,20.12,123.85,13.85,60.36
A Kumble,2009,22,30,11,2,0,1,22.0,73.33,6.67,39.47
A Manohar,2022,108,75,7,14,3,6,18.0,144.0,22.67,69.33
A Mishra,2009,65,70,12,3,2,7,9.29,92.86,7.14,42.29
A Mishra,2011,68,49,9,9,1,4,17.0,138.78,20.41,66.39
A Mishra,2012,16,20,5,1,0,3,5.33,80.0,5.0,35.13
A Mishra,2013,89,95,6,9,0,6,14.83,93.68,9.47,45.3
A Mishra,2017,49,52,6,2,2,1,49.0,94.23,7.69,58.83
A Symonds,2009,678,503,24,50,29,21,32.29,134.79,15.71,69.97
A Symonds,2011,135,138,9,9,3,4,33.75,97.83,8.7,54.37
AA Bilakhia,2009,69,84,7,5,0,5,13.8,82.14,5.95,39.57
AA Jhunjhunwala,2009,183,166,10,16,4,9,20.33,110.24,12.05,54.64
AB Agarkar,2009,106,85,9,7,3,3,35.33,124.71,11.76,66.37
AB Dinda,2013,9,11,5,1,0,2,4.5,81.82,9.09,36.35
AB de Villiers,2009,576,473,20,46,12,16,36.0,121.78,12.26,65.56
AB de Villiers,2011,312,242,13,21,14,9,34.67,128.93,14.46,68.33
AB de Villiers,2012,319,197,13,26,15,8,39.88,161.93,20.81,84.89
AB de Villiers,2013,373,223,14,34,17,10,37.3,167.26,22.87,86.4
AB de Villiers,2014,395,248,13,26,24,11,35.91,159.27,20.16,82.1
AB de Villiers,2015,513,291,14,60,22,11,46.64,176.29,28.18,94.81
AB de Villiers,2016,687,405,16,57,37,13,52.85,169.63,23.21,93.63
AB de Villiers,2017,216,163,9,12,16,8,27.0,132.52,17.18,67.24
AB de Villiers,2018,480,275,11,39,30,9,53.33,174.55,25.09,96.17
AB de Villiers,2019,442,287,13,31,26,10,44.2,154.01,19.86,83.26
AB de Villiers,2020,460,287,14,34,23,10,46.0,160.28,19.86,86.48
AB de Villiers,2021,313,211,14,23,16,10,31.3,148.34,18.48,75.55
AC Blizzard,2011,120,87,6,21,2,6,20.0,137.93,26.44,68.46
AC Gilchrist,2009,784,507,32,85,45,32,24.5,154.64,25.64,76.78
AC Gilchrist,2011,383,291,14,41,18,14,27.36,131.62,20.27,67.65
AC Gilchrist,2012,172,142,7,21,4,5,34.4,121.13,17.61,65.73
AC Gilchrist,2013,294,229,13,41,6,12,24.5,128.38,20.52,65.26
AC Voges,2009,181,143,7,15,3,4,45.25,126.57,12.59,71.25
AD Hales,2018,148,117,6,13,6,6,24.67,126.5,16.24,63.72
AD Mascarenhas,2009,51,49,6,4,0,5,10.2,104.08,8.16,47.34
AD Mathews,2009,249,196,11,20,8,8,31.12,127.04,14.29,66.12
AD Mathews,2012,127,108,8,5,4,7,18.14,117.59,8.33,55.96
AD Mathews,2013,172,139,10,5,10,7,24.57,123.74,10.79,61.48
AD Mathews,2015,144,103,10,12,6,7,20.57,139.81,17.48,67.65
AD Nath,2019,61,57,5,5,2,5,12.2,107.02,12.28,50.14
AD Russell,2015,326,169,11,35,19,9,36.22,192.9,31.95,98.04
AD Russell,2016,188,114,8,10,15,7,26.86,164.91,21.93,81.09
AD Russell,2018,316,170,14,17,31,11,28.73,185.88,28.24,91.49
AD Russell,2019,514,249,13,32,52,10,51.4,206.43,33.73,109.88
AD Russell,2020,117,79,9,9,9,9,13.0,148.1,22.78,69.0
AD Russell,2021,183,117,8,14,14,7,26.14,156.41,23.93,77.81
AD Russell,2022,335,189,12,18,32,9,37.22,177.25,26.46,91.08
AJ Finch,2011,47,46,6,3,3,6,7.83,102.17,13.04,46.61
AJ Finch,2013,456,335,14,54,16,14,32.57,136.12,20.9,71.66
AJ Finch,2014,309,261,13,31,9,11,28.09,118.39,15.33,61.66
AJ Finch,2016,393,297,12,45,11,10,39.3,132.32,18.86,72.42
AJ Finch,2017,300,182,13,25,19,12,25.0,164.84,24.18,80.77
AJ Finch,2018,134,100,9,6,8,8,16.75,134.0,14.0,63.1
AJ Finch,2020,268,239,12,28,8,12,22.33,112.13,15.06,56.8
AJ Finch,2022,86,61,5,10,3,5,17.2,140.98,21.31,67.53
AJ Tye,2018,32,38,8,2,1,6,5.33,84.21,7.89,37.39
AK Markram,2021,146,119,6,12,4,5,29.2,122.69,13.45,63.45
AK Markram,2022,381,273,12,25,19,8,47.62,139.56,16.12,78.1
AL Menaria,2011,180,152,10,10,10,9,20.0,118.42,13.16,58.0
AL Menaria,2012,220,200,12,14,8,11,20.0,110.0,11.0,54.2
AM Nayar,2009,251,202,14,18,9,11,22.82,124.26,13.37,61.51
AM Nayar,2011,61,66,9,9,0,7,8.71,92.42,13.64,43.18
AM Nayar,2013,66,73,9,5,0,6,11.0,90.41,6.85,41.93
AM Rahane,2009,144,121,7,12,3,6,24.0,119.01,12.4,59.68
AM Rahane,2011,120,98,7,12,2,6,20.0,122.45,14.29,59.84
AM Rahane,2012,560,433,16,73,10,14,40.0,129.33,19.17,71.57
AM Rahane,2013,488,458,18,42,11,14,34.86,106.55,11.57,58.88
AM Rahane,2014,339,291,12,38,3,12,28.25,116.49,14.09,60.71
AM Rahane,2015,540,412,13,53,13,11,49.09,131.07,16.02,75.27
AM Rahane,2016,480,378,14,54,9,11,43.64,126.98,16.67,71.58
AM Rahane,2017,382,323,16,35,9,15,25.47,118.27,13.62,60.22
AM Rahane,2018,370,313,14,39,5,13,28.46,118.21,14.06,61.48
AM Rahane,2019,393,285,13,45,9,12,32.75,137.89,18.95,72.05
AM Rahane,2020,113,107,8,12,2,8,14.12,105.61,13.08,50.51
AM Rahane,2022,133,128,7,14,4,7,19.0,103.91,14.06,51.98
AP Tare,2013,123,84,5,14,5,5,24.6,146.43,22.62,72.94
AP Tare,2014,126,97,11,16,3,8,15.75,129.9,19.59,62.18
AR Patel,2014,62,60,7,6,1,6,10.33,103.33,11.67,47.8
AR Patel,2015,206,174,12,13,8,9,22.89,118.39,12.07,58.93
AR Patel,2016,111,77,10,4,8,7,15.86,144.16,15.58,67.12
AR Patel,2017,227,162,13,11,11,8,28.38,140.12,13.58,70.12
AR Patel,2018,80,69,8,3,4,6,13.33,115.94,10.14,53.74
AR Patel,2019,110,87,12,10,3,6,18.33,126.44,14.94,60.9
AR Patel,2020,117,83,9,6,8,8,14.62,140.96,16.87,65.61
AR Patel,2021,40,46,6,2,1,5,8.0,86.96,6.52,39.29
AR Patel,2022,182,120,10,12,10,4,45.5,151.67,18.33,82.53
AS Raut,2009,134,109,12,8,6,6,22.33,122.94,12.84,60.68
AT Rayudu,2009,356,244,14,34,13,13,27.38,145.9,19.26,73.16
AT Rayudu,2011,395,349,16,44,9,14,28.21,113.18,15.19,59.59
AT Rayudu,2012,333,252,15,21,14,9,37.0,132.14,13.89,70.43
AT Rayudu,2013,265,229,15,22,4,14,18.93,115.72,11.35,56.13
AT Rayudu,2014,361,286,14,31,8,14,25.79,126.22,13.64,63.53
AT Rayudu,2015,281,192,14,18,16,9,31.22,146.35,17.71,74.57
AT Rayudu,2016,334,277,12,28,12,11,30.36,120.58,14.44,63.26
AT Rayudu,2017,91,78,5,7,3,5,18.2,116.67,12.82,56.51
AT Rayudu,2018,602,401,16,53,34,14,43.0,150.12,21.7,81.59
AT Rayudu,2019,282,301,17,20,7,12,23.5,93.69,8.97,48.67
AT Rayudu,2020,359,279,11,30,12,9,39.89,128.67,15.05,70.43
AT Rayudu,2021,257,167,13,16,17,10,25.7,153.89,19.76,75.79
AT Rayudu,2022,274,223,11,25,15,11,24.91,122.87,17.94,62.7
AUK Pathan,2011,33,16,5,5,2,4,8.25,206.25,43.75,94.55
Abdul Samad,2020,113,67,7,8,6,6,18.83,168.66,20.9,79.18
Abdul Samad,2021,111,87,10,4,8,9,12.33,127.59,13.79,58.73
Abhishek Sharma,2020,71,56,7,6,3,5,14.2,126.79,16.07,59.61
Abhishek Sharma,2021,98,75,7,7,4,6,16.33,130.67,14.67,61.73
Abhishek Sharma,2022,426,319,14,47,13,14,30.43,133.54,18.81,69.35
Anuj Rawat,2022,129,118,8,10,7,8,16.12,109.32,14.41,53.06
Anureet Singh,2015,18,31,6,0,1,3,6.0,58.06,3.23,26.27
Arshdeep Singh,2022,21,29,6,3,0,3,7.0,72.41,10.34,33.83
Azhar Mahmood,2012,186,142,10,16,8,8,23.25,130.99,16.9,65.08
Azhar Mahmood,2013,196,154,10,22,5,10,19.6,127.27,17.53,62.25
B Chipli,2011,207,170,13,21,4,8,25.88,121.76,14.71,62.0
B Kumar,2012,40,40,8,4,0,3,13.33,100.0,10.0,47.33
B Kumar,2013,52,71,9,3,1,7,7.43,73.24,5.63,33.39
B Kumar,2016,43,27,8,6,1,6,7.17,159.26,25.93,71.76
B Kumar,2021,34,30,7,3,0,1,34.0,113.33,10.0,60.93
B Kumar,2022,24,25,6,3,0,3,8.0,96.0,12.0,44.0
B Lee,2009,39,43,7,3,1,3,13.0,90.7,9.3,43.34
B Sai Sudharsan,2022,145,113,5,14,3,4,36.25,128.32,15.04,68.84
BA Stokes,2017,316,221,11,22,15,10,31.6,142.99,16.74,73.18
BA Stokes,2018,196,160,12,13,6,12,16.33,122.5,11.88,57.91
BA Stokes,2019,123,97,9,8,4,6,20.5,126.8,12.37,61.39
BA Stokes,2020,285,200,8,36,7,7,40.71,142.5,21.5,77.58
BB McCullum,2009,400,345,18,41,14,16,25.0,115.94,15.94,59.56
BB McCullum,2011,357,272,13,35,16,13,27.46,131.25,18.75,67.23
BB McCullum,2012,289,283,12,37,3,12,24.08,102.12,14.13,53.31
BB McCullum,2014,405,333,14,32,19,13,31.15,121.62,15.32,64.17
BB McCullum,2015,436,276,14,51,23,13,33.54,157.97,26.81,81.97
BB McCullum,2016,354,262,16,38,16,16,22.12,135.11,20.61,67.01
BB McCullum,2017,320,220,11,29,18,11,29.09,145.45,21.36,74.09
BB McCullum,2018,127,87,6,16,6,6,21.17,145.98,25.29,71.92
BB Samantray,2013,123,111,7,13,2,5,24.6,110.81,13.51,56.87
BCJ Cutting,2018,96,58,6,5,8,4,24.0,165.52,22.41,80.29
BJ Hodge,2009,464,399,16,45,10,13,35.69,116.29,13.78,63.55
BJ Hodge,2011,285,234,14,26,9,8,35.62,121.79,14.96,65.96
BJ Hodge,2012,245,173,12,18,9,8,30.62,141.62,15.61,72.02
BJ Hodge,2013,293,217,14,27,9,7,41.86,135.02,16.59,74.07
BJ Rohrer,2013,193,141,8,21,5,7,27.57,136.88,18.44,69.47
Basil Thampi,2017,28,28,5,1,1,0,,100.0,7.14,
C Sakariya,2021,16,24,5,2,0,5,3.2,66.67,8.33,29.61
C de Grandhomme,2017,126,92,9,10,6,8,15.75,136.96,17.39,64.56
C de Grandhomme,2018,131,83,8,4,10,5,26.2,157.83,16.87,76.99
CA Ingram,2019,184,154,12,20,5,10,18.4,119.48,16.23,58.4
CA Lynn,2017,295,161,7,25,19,6,49.17,183.23,27.33,98.43
CA Lynn,2018,491,377,16,56,18,15,32.73,130.24,19.63,69.11
CA Lynn,2019,405,288,13,41,22,13,31.15,140.62,21.88,73.08
CA Pujara,2009,122,115,6,14,3,4,30.5,106.09,14.78,57.59
CA Pujara,2014,125,123,6,17,0,5,25.0,101.63,13.82,53.42
CH Gayle,2009,476,331,16,48,26,16,29.75,143.81,22.36,73.9
CH Gayle,2011,608,331,12,57,44,9,67.56,183.69,30.51,106.6
CH Gayle,2012,733,451,14,46,59,12,61.08,162.53,23.28,94.1
CH Gayle,2013,720,454,16,57,52,12,60.0,158.59,24.01,92.24
CH Gayle,2014,196,184,9,18,12,9,21.78,106.52,16.3,54.58
CH Gayle,2015,491,331,14,39,38,12,40.92,148.34,23.26,80.36
CH Gayle,2016,227,150,10,17,21,10,22.7,151.33,25.33,74.68
CH Gayle,2017,200,162,9,15,14,9,22.22,123.46,17.9,61.85
CH Gayle,2018,368,252,11,30,27,9,40.89,146.03,22.62,79.29
CH Gayle,2019,490,319,13,45,34,12,40.83,153.61,24.76,82.73
CH Gayle,2020,295,212,7,15,24,7,42.14,139.15,18.4,76.2
CH Gayle,2021,193,154,10,21,8,9,21.44,125.32,18.83,62.47
CH Morris,2013,14,16,6,0,0,2,7.0,87.5,0.0,37.8
CH Morris,2015,76,45,7,3,5,2,38.0,168.89,17.78,86.31
CH Morris,2016,195,109,7,15,12,3,65.0,178.9,24.77,102.51
CH Morris,2017,154,94,8,15,6,5,30.8,163.83,22.34,82.32
CH Morris,2019,32,37,6,1,2,6,5.33,86.49,8.11,38.35
CH Morris,2020,34,21,5,2,3,4,8.5,161.9,23.81,72.92
CH Morris,2021,67,49,7,2,5,5,13.4,136.73,14.29,62.91
CJ Anderson,2014,265,181,11,21,15,9,29.44,146.41,19.89,74.32
CJ Anderson,2017,142,122,11,8,9,7,20.29,116.39,13.93,57.46
CL White,2009,48,33,5,3,3,2,24.0,145.45,18.18,71.42
CL White,2011,104,109,6,6,2,4,26.0,95.41,7.34,50.03
CL White,2012,479,319,13,41,20,11,43.55,150.16,19.12,81.31
CL White,2013,226,196,13,18,9,12,18.83,115.31,13.78,56.41
CM Gautam,2014,121,110,9,13,5,7,17.29,110.0,16.36,54.19
CR Brathwaite,2016,83,38,6,6,8,6,13.83,218.42,36.84,100.27
CR Woakes,2017,46,47,7,4,1,4,11.5,97.87,10.64,45.88
D Brevis,2022,161,113,7,14,11,7,23.0,142.48,22.12,70.62
D Padikkal,2020,473,378,15,51,8,15,31.53,125.13,15.61,65.79
D Padikkal,2021,411,327,14,44,14,13,31.62,125.69,17.74,66.47
D Padikkal,2022,376,305,17,41,14,17,22.12,123.28,18.03,61.77
D Pretorius,2022,44,28,5,3,3,4,11.0,157.14,21.43,71.54
D Wiese,2015,122,85,7,12,4,4,30.5,143.53,18.82,73.38
DA Miller,2012,98,75,6,6,4,3,32.67,130.67,13.33,68.0
DA Miller,2013,418,253,12,28,24,7,59.71,165.22,20.55,94.08
DA Miller,2014,446,299,16,34,21,10,44.6,149.16,18.39,81.18
DA Miller,2015,357,267,13,21,21,12,29.75,133.71,15.73,68.53
DA Miller,2016,161,130,13,11,4,10,16.1,123.85,11.54,58.29
DA Miller,2019,213,163,10,19,7,8,26.62,130.67,15.95,66.11
DA Miller,2021,124,113,8,11,3,5,24.8,109.73,12.39,56.29
DA Miller,2022,481,335,16,32,23,7,68.71,143.58,16.42,88.2
DA Warner,2009,445,321,18,43,19,17,26.18,138.63,19.31,69.79
DA Warner,2011,324,275,13,34,11,13,24.92,117.82,16.36,60.37
DA Warner,2012,256,155,8,28,14,7,36.57,165.16,27.1,86.11
DA Warner,2013,410,324,16,41,14,14,29.29,126.54,16.98,65.73
DA Warner,2014,528,371,14,39,24,11,48.0,142.32,16.98,79.52
DA Warner,2015,562,356,14,65,21,13,43.23,157.87,24.16,85.27
DA Warner,2016,848,558,17,88,31,14,60.57,151.97,21.33,89.28
DA Warner,2017,641,449,14,63,26,11,58.27,142.76,19.82,84.38
DA Warner,2019,692,481,12,57,21,10,69.2,143.87,16.22,88.47
DA Warner,2020,548,406,16,52,14,15,36.53,134.98,16.26,71.86
DA Warner,2021,197,184,8,15,6,8,24.62,107.07,11.41,54.96
DA Warner,2022,432,285,12,52,15,9,48.0,151.58,23.51,84.53
DB Das,2012,126,92,10,9,6,3,42.0,136.96,16.3,74.84
DB Das,2013,75,74,6,5,5,5,15.0,101.35,13.51,49.24
DB Ravi Teja,2009,65,70,6,7,0,3,21.67,92.86,10.0,47.81
DB Ravi Teja,2011,183,143,9,17,4,7,26.14,127.97,14.69,64.58
DH Yagnik,2013,125,93,9,17,2,8,15.62,134.41,20.43,64.1
DJ Bravo,2009,279,254,18,18,12,15,18.6,109.84,11.81,53.74
DJ Bravo,2012,371,262,16,20,20,8,46.38,141.6,15.27,78.25
DJ Bravo,2013,121,106,12,11,3,8,15.12,114.15,13.21,54.35
DJ Bravo,2015,195,148,13,22,5,9,21.67,131.76,18.24,65.02
DJ Bravo,2016,99,82,12,11,1,8,12.38,120.73,14.63,56.17
DJ Bravo,2018,141,90,10,8,10,4,35.25,156.67,20.0,80.77
DJ Bravo,2019,80,66,8,6,3,5,16.0,121.21,13.64,57.61
DJ Bravo,2022,23,24,6,1,1,2,11.5,95.83,8.33,44.6
DJ Hooda,2015,151,95,9,6,11,9,16.78,158.95,17.89,73.87
DJ Hooda,2016,144,119,15,9,5,14,10.29,121.01,11.76,54.87
DJ Hooda,2017,78,52,6,5,4,3,26.0,150.0,17.31,73.86
DJ Hooda,2018,87,81,8,2,3,4,21.75,107.41,6.17,52.9
DJ Hooda,2019,64,63,7,5,1,6,10.67,101.59,9.52,46.81
DJ Hooda,2020,102,72,5,5,5,1,102.0,141.67,13.89,100.25
DJ Hooda,2021,160,121,11,9,9,10,16.0,132.23,14.88,62.27
DJ Hooda,2022,451,329,14,36,18,14,32.21,137.08,16.41,71.0
DJ Hussey,2009,192,142,10,12,11,8,24.0,135.21,16.2,66.92
DJ Hussey,2011,64,63,8,3,3,6,10.67,101.59,9.52,46.81
DJ Hussey,2012,396,305,15,28,17,12,33.0,129.84,14.75,68.09
DJ Hussey,2013,235,208,11,20,6,10,23.5,112.98,12.5,57.09
DJ Jacobs,2011,92,88,6,10,4,6,15.33,104.55,15.91,51.13
DJG Sammy,2013,174,132,9,11,10,6,29.0,131.82,15.91,67.51
DJG Sammy,2014,108,91,9,4,8,7,15.43,118.68,13.19,56.28
DJM Short,2018,115,99,7,11,5,7,16.43,116.16,16.16,56.27
DL Vettori,2009,67,58,6,7,0,3,22.33,115.52,12.07,57.55
DL Vettori,2012,31,26,6,3,1,4,7.75,119.23,15.38,53.87
DP Conway,2022,252,172,7,23,12,6,42.0,146.51,20.35,79.47
DPMD Jayawardene,2009,664,464,23,72,19,17,39.06,143.1,19.61,76.79
DPMD Jayawardene,2011,299,257,13,35,5,13,23.0,116.34,15.56,58.85
DPMD Jayawardene,2012,335,298,15,39,3,12,27.92,112.42,14.09,58.95
DPMD Jayawardene,2013,331,312,15,39,6,15,22.07,106.09,14.42,54.15
DR Sams,2022,38,36,10,1,3,7,5.43,105.56,11.11,46.62
DR Smith,2009,237,156,11,13,16,10,23.7,151.92,18.59,73.97
DR Smith,2012,157,97,6,18,7,4,39.25,161.86,25.77,85.6
DR Smith,2013,418,340,13,40,19,13,32.15,122.94,17.35,65.51
DR Smith,2014,566,415,16,50,34,16,35.38,136.39,20.24,72.76
DR Smith,2015,399,331,16,52,16,16,24.94,120.54,20.54,62.3
DR Smith,2016,324,220,12,35,16,11,29.45,147.27,23.18,75.32
DR Smith,2017,239,156,11,32,8,11,21.73,153.21,25.64,75.1
DS Kulkarni,2016,27,16,5,3,0,2,13.5,168.75,18.75,76.65
DT Christian,2011,190,157,13,9,7,11,17.27,121.02,10.19,57.35
DT Christian,2012,145,118,7,8,6,5,29.0,122.88,11.86,63.12
DT Christian,2017,79,49,9,5,5,5,15.8,161.22,20.41,74.89
DT Christian,2021,14,23,7,1,0,6,2.33,60.87,4.35,26.15
DW Steyn,2009,13,20,5,2,0,5,2.6,65.0,10.0,29.04
DW Steyn,2011,36,35,5,3,0,4,9.0,102.86,8.57,46.46
DW Steyn,2012,19,21,5,0,1,5,3.8,90.48,4.76,38.66
DW Steyn,2013,53,36,8,5,2,2,26.5,147.22,19.44,73.38
E Lewis,2018,382,276,13,32,24,13,29.38,138.41,20.29,71.17
E Lewis,2021,151,93,5,18,7,5,30.2,162.37,26.88,82.4
E Lewis,2022,73,56,5,8,3,3,24.33,130.36,19.64,65.8
EJG Morgan,2011,137,117,9,17,3,9,15.22,117.09,17.09,56.34
EJG Morgan,2013,307,240,13,28,13,11,27.91,127.92,17.08,65.75
EJG Morgan,2015,187,151,9,11,11,8,23.38,123.84,14.57,61.8
EJG Morgan,2016,123,105,6,8,4,5,24.6,117.14,11.43,58.98
EJG Morgan,2020,419,303,14,32,24,10,41.9,138.28,18.48,75.77
EJG Morgan,2021,133,139,15,8,6,12,11.08,95.68,10.07,44.72
F du Plessis,2012,398,303,12,29,17,12,33.17,131.35,15.18,68.84
F du Plessis,2014,303,235,12,26,7,11,27.55,128.94,14.04,65.4
F du Plessis,2015,380,304,15,37,5,13,29.23,125.0,13.82,64.46
F du Plessis,2016,206,162,6,17,9,6,34.33,127.16,16.05,67.81
F du Plessis,2018,162,128,6,17,6,5,32.4,126.56,17.97,67.18
F du Plessis,2019,396,321,12,36,15,11,36.0,123.36,15.89,66.92
F du Plessis,2020,449,319,13,42,14,11,40.82,140.75,17.55,76.14
F du Plessis,2021,633,456,16,61,23,14,45.21,138.82,18.42,77.3
F du Plessis,2022,468,367,16,49,13,15,31.2,127.52,16.89,66.87
FY Fazal,2009,164,153,9,19,1,8,20.5,107.19,13.07,53.69
G Gambhir,2009,563,493,25,64,4,22,25.59,114.2,13.79,58.67
G Gambhir,2011,378,314,15,44,3,11,34.36,120.38,14.97,64.89
G Gambhir,2012,590,411,17,64,17,16,36.88,143.55,19.71,76.11
G Gambhir,2013,406,342,15,51,5,16,25.38,118.71,16.37,60.91
G Gambhir,2014,335,290,16,36,4,15,22.33,115.52,13.79,57.9
G Gambhir,2015,327,278,13,41,4,13,25.15,117.63,16.19,60.35
G Gambhir,2016,501,411,15,54,6,13,38.54,121.9,14.6,67.1
G Gambhir,2017,498,389,16,62,7,12,41.5,128.02,17.74,71.36
G Gambhir,2018,85,88,5,8,1,5,17.0,96.59,10.23,47.48
GC Smith,2009,256,252,14,34,1,13,19.69,101.59,13.89,51.29
GH Vihari,2013,241,277,17,17,1,14,17.21,87.0,6.5,42.98
GJ Bailey,2014,257,188,16,19,10,9,28.56,136.7,15.43,69.19
GJ Bailey,2015,259,190,12,22,7,11,23.55,136.32,15.26,67.0
GJ Bailey,2016,84,97,5,9,2,4,21.0,86.6,11.34,45.31
GJ Maxwell,2014,552,291,16,48,36,16,34.5,189.69,28.87,95.45
GJ Maxwell,2015,146,113,11,13,8,11,13.27,129.2,18.58,60.7
GJ Maxwell,2016,179,124,10,14,8,9,19.89,144.35,17.74,69.24
GJ Maxwell,2017,310,178,13,20,26,10,31.0,174.16,25.84,87.23
GJ Maxwell,2018,169,120,12,14,9,12,14.08,140.83,19.17,65.8
GJ Maxwell,2020,108,105,11,9,0,7,15.43,102.86,8.57,49.03
GJ Maxwell,2021,513,354,14,48,21,12,42.75,144.92,19.49,78.97
GJ Maxwell,2022,301,177,13,31,15,11,27.36,170.06,25.99,84.17
Gurkeerat Singh,2013,108,95,9,10,3,8,13.5,113.68,13.68,53.61
Gurkeerat Singh,2015,35,39,5,3,1,5,7.0,89.74,10.26,40.75
Gurkeerat Singh,2016,113,86,6,11,3,5,22.6,131.4,16.28,64.86
Gurkeerat Singh,2020,71,80,5,8,0,0,,88.75,10.0,
HH Gibbs,2009,638,564,24,58,21,21,30.38,113.12,14.01,60.2
HH Pandya,2015,112,60,8,9,8,5,22.4,186.67,28.33,89.29
HH Pandya,2016,44,63,9,4,0,7,6.29,69.84,6.35,31.72
HH Pandya,2017,250,159,16,11,20,7,35.71,157.23,19.5,81.08
HH Pandya,2018,260,195,13,20,11,9,28.89,133.33,15.9,68.07
HH Pandya,2019,409,211,15,28,30,9,45.44,193.84,27.49,101.21
HH Pandya,2020,283,158,13,14,25,9,31.44,179.11,24.68,89.16
HH Pandya,2021,127,111,11,11,5,9,14.11,114.41,14.41,54.29
HH Pandya,2022,487,370,15,49,12,11,44.27,131.62,16.49,73.65
HM Amla,2016,157,119,6,20,4,6,26.17,131.93,20.17,67.27
HM Amla,2017,420,287,10,40,17,7,60.0,146.34,19.86,86.51
HV Patel,2015,19,12,6,0,2,5,3.8,158.33,16.67,68.19
HV Patel,2021,59,46,7,6,2,4,14.75,128.26,17.39,60.68
HV Patel,2022,43,39,7,4,2,5,8.6,110.26,15.38,50.62
Harbhajan Singh,2009,189,113,17,18,10,13,14.54,167.26,24.78,77.68
Harbhajan Singh,2011,103,71,8,9,6,3,34.33,145.07,21.13,75.99
Harbhajan Singh,2012,108,80,11,14,3,9,12.0,135.0,21.25,63.05
Harbhajan Singh,2013,116,79,13,12,5,6,19.33,146.84,21.52,70.77
Harbhajan Singh,2014,28,25,7,2,2,6,4.67,112.0,16.0,49.87
Harbhajan Singh,2015,117,72,9,9,9,7,16.71,162.5,25.0,76.68
Harbhajan Singh,2016,92,84,7,11,2,3,30.67,109.52,15.48,59.17
Harbhajan Singh,2017,16,16,7,0,1,2,8.0,100.0,6.25,44.45
Harpreet Brar,2021,64,58,5,3,2,0,,110.34,8.62,
I Sharma,2009,22,30,5,1,1,3,7.33,73.33,6.67,33.6
IK Pathan,2009,472,344,25,38,16,18,26.22,137.21,15.7,68.51
IK Pathan,2011,150,137,12,12,6,8,18.75,109.49,13.14,53.92
IK Pathan,2012,176,126,12,14,6,7,25.14,139.68,15.87,69.1
IK Pathan,2013,153,155,13,10,4,8,19.12,98.71,9.03,48.94
IK Pathan,2014,55,54,6,5,0,2,27.5,101.85,9.26,53.59
Ishan Kishan,2016,42,41,5,5,0,5,8.4,102.44,12.2,46.78
Ishan Kishan,2017,277,205,10,29,13,10,27.7,135.12,20.49,69.23
Ishan Kishan,2018,275,184,12,22,17,12,22.92,149.46,21.2,73.19
Ishan Kishan,2019,101,100,6,8,4,6,16.83,101.0,12.0,49.53
Ishan Kishan,2020,516,353,13,36,30,9,57.33,146.18,18.7,85.14
Ishan Kishan,2021,241,177,10,21,10,9,26.78,136.16,17.51,68.68
Ishan Kishan,2022,418,346,14,45,11,13,32.15,120.81,16.18,64.42
J Botha,2011,230,198,9,20,2,5,46.0,116.16,11.11,67.09
J Botha,2012,58,54,7,4,1,4,14.5,107.41,9.26,50.62
J Botha,2013,43,52,6,5,1,6,7.17,82.69,11.54,38.25
J Suchith,2015,48,32,5,4,2,1,48.0,150.0,18.75,82.95
JA Morkel,2009,296,201,21,18,17,12,24.67,147.26,17.41,72.25
JA Morkel,2011,138,100,12,8,8,6,23.0,138.0,16.0,67.6
JA Morkel,2012,107,68,12,5,6,7,15.29,157.35,16.18,72.29
JA Morkel,2014,45,41,5,1,3,3,15.0,109.76,9.76,51.86
JC Archer,2018,15,19,6,2,0,5,3.0,78.95,10.53,34.89
JC Archer,2019,67,40,5,4,4,2,33.5,167.5,20.0,84.4
JC Archer,2020,113,60,10,5,10,6,18.83,188.33,25.0,87.86
JC Buttler,2016,255,183,14,23,11,11,23.18,139.34,18.58,68.72
JC Buttler,2017,273,179,10,27,15,11,24.82,152.51,23.46,75.62
JC Buttler,2018,548,352,13,52,21,10,54.8,155.68,20.74,88.34
JC Buttler,2019,311,205,8,38,14,8,38.88,151.71,25.37,81.31
JC Buttler,2020,328,227,12,27,16,10,32.8,144.49,18.94,74.7
JC Buttler,2021,254,164,7,27,13,7,36.29,154.88,24.39,81.35
JC Buttler,2022,863,574,17,84,45,15,57.53,150.35,22.47,87.65
JD Ryder,2009,56,48,5,9,0,5,11.2,116.67,18.75,54.9
JD Ryder,2011,292,196,13,37,11,13,22.46,148.98,24.49,73.47
JD Ryder,2012,256,211,11,23,8,10,25.6,121.33,14.69,61.71
JD Unadkat,2018,49,38,5,6,1,4,12.25,128.95,18.42,60.16
JD Unadkat,2022,59,37,5,4,3,3,19.67,159.46,18.92,75.44
JDP Oram,2009,88,92,8,5,4,6,14.67,95.65,9.78,46.08
JEC Franklin,2011,107,78,5,10,2,2,53.5,137.18,15.38,79.35
JEC Franklin,2012,220,222,11,15,7,9,24.44,99.1,9.91,51.4
JH Kallis,2009,933,820,31,104,17,25,37.32,113.78,14.76,63.39
JH Kallis,2011,424,378,14,46,6,12,35.33,112.17,13.76,61.75
JH Kallis,2012,409,382,17,34,10,16,25.56,107.07,11.52,55.36
JH Kallis,2013,311,322,15,35,3,15,20.73,96.58,11.8,49.28
JH Kallis,2014,151,128,7,13,4,6,25.17,117.97,13.28,59.91
JJ Bumrah,2021,16,17,7,2,0,2,8.0,94.12,11.76,43.2
JJ Roy,2018,120,94,5,9,7,4,30.0,127.66,17.02,66.47
JJ Roy,2021,150,120,5,21,1,5,30.0,125.0,18.33,65.67
JM Bairstow,2019,445,281,10,48,18,8,55.62,158.36,23.49,90.29
JM Bairstow,2020,345,272,11,31,13,11,31.36,126.84,16.18,66.52
JM Bairstow,2021,248,175,7,20,15,6,41.33,141.71,20.0,77.22
JM Bairstow,2022,253,173,11,34,9,11,23.0,146.24,24.86,72.67
JM Sharma,2022,234,143,10,22,12,8,29.25,163.64,23.78,81.91
JO Holder,2021,85,70,7,2,6,6,14.17,121.43,11.43,56.53
JO Holder,2022,58,44,8,2,6,6,9.67,131.82,18.18,60.23
JP Duminy,2009,529,456,19,39,16,14,37.79,116.01,12.06,63.93
JP Duminy,2011,205,173,10,9,8,10,20.5,118.5,9.83,57.57
JP Duminy,2012,244,190,9,13,11,3,81.33,128.42,12.63,86.43
JP Duminy,2014,410,302,14,22,20,8,51.25,135.76,13.91,77.59
JP Duminy,2015,414,315,13,27,20,10,41.4,131.43,14.92,72.12
JP Duminy,2016,191,155,8,13,3,5,38.2,123.23,10.32,66.64
JP Faulkner,2013,57,57,9,5,2,5,11.4,100.0,12.28,47.02
JP Faulkner,2014,181,93,12,8,16,4,45.25,194.62,25.81,101.11
JP Faulkner,2015,144,108,11,12,5,9,16.0,133.33,15.74,62.88
JP Faulkner,2016,77,58,5,7,0,3,25.67,132.76,12.07,65.79
JP Faulkner,2017,54,56,6,4,0,4,13.5,96.43,7.14,45.4
JR Hazlewood,2022,18,26,5,1,0,0,,69.23,3.85,
JR Hopes,2011,196,157,8,22,3,5,39.2,124.84,15.92,68.8
JR Philippe,2020,78,77,5,9,1,4,19.5,101.3,12.99,50.92
K Goel,2009,142,153,10,10,5,9,15.78,92.81,9.8,45.4
K Gowtham,2018,126,64,13,9,9,9,14.0,196.88,28.12,89.98
K Rabada,2020,56,49,6,4,2,4,14.0,114.29,12.24,53.76
K Rabada,2022,48,42,7,5,2,5,9.6,114.29,16.67,52.89
KA Jamieson,2021,65,55,7,5,3,4,16.25,118.18,14.55,56.68
KA Pollard,2009,273,146,14,23,17,12,22.75,186.99,27.4,89.38
KA Pollard,2011,146,132,12,12,6,10,14.6,110.61,13.64,52.81
KA Pollard,2012,220,158,11,15,14,9,24.44,139.24,18.35,69.14
KA Pollard,2013,420,278,18,27,29,10,42.0,151.08,20.14,81.26
KA Pollard,2014,273,202,15,15,15,8,34.12,135.15,14.85,70.68
KA Pollard,2015,419,255,14,28,28,11,38.09,164.31,21.96,85.35
KA Pollard,2016,207,144,12,11,16,8,25.88,143.75,18.75,71.6
KA Pollard,2017,395,279,16,27,23,14,28.21,141.58,17.92,71.5
KA Pollard,2018,133,99,8,10,7,7,19.0,134.34,17.17,64.77
KA Pollard,2019,281,176,12,14,22,8,35.12,159.66,20.45,82.0
KA Pollard,2020,281,149,12,17,22,6,46.83,188.59,26.17,99.4
KA Pollard,2021,245,164,13,16,16,8,30.62,149.39,19.51,75.91
KA Pollard,2022,144,133,11,6,9,10,14.4,108.27,11.28,51.32
KB Arun Karthik,2013,41,38,5,3,1,3,13.67,107.89,10.53,50.73
KC Sangakkara,2009,689,578,25,76,10,23,29.96,119.2,14.88,62.64
KC Sangakkara,2011,358,291,13,44,5,13,27.54,123.02,16.84,63.59
KC Sangakkara,2012,200,183,12,21,4,11,18.18,109.29,13.66,53.72
KC Sangakkara,2013,120,136,9,13,0,9,13.33,88.24,9.56,42.54
KD Karthik,2009,566,453,27,46,15,21,26.95,124.94,13.47,63.45
KD Karthik,2011,282,220,13,32,7,11,25.64,128.18,17.73,65.07
KD Karthik,2012,238,212,14,30,2,13,18.31,112.26,15.09,55.25
KD Karthik,2013,510,409,19,54,14,18,28.33,124.69,16.63,64.53
KD Karthik,2014,325,258,14,28,11,14,23.21,125.97,15.12,62.7
KD Karthik,2015,141,117,11,15,4,11,12.82,120.51,16.24,56.58
KD Karthik,2016,335,266,15,38,3,13,25.77,125.94,15.41,63.77
KD Karthik,2017,361,258,13,30,11,10,36.1,139.92,15.89,73.59
KD Karthik,2018,498,336,16,49,16,10,49.8,148.21,19.35,83.07
KD Karthik,2019,254,173,12,22,14,8,31.75,146.82,20.81,75.59
KD Karthik,2020,169,136,14,20,4,12,14.08,124.26,17.65,58.87
KD Karthik,2021,223,170,15,22,7,10,22.3,131.18,17.06,64.8
KD Karthik,2022,330,178,16,27,22,6,55.0,185.39,27.53,101.66
KH Pandya,2016,237,124,8,22,13,6,39.5,191.13,28.23,97.9
KH Pandya,2017,243,179,11,24,7,8,30.38,135.75,17.32,69.92
KH Pandya,2018,228,157,13,22,10,10,22.8,145.22,20.38,71.28
KH Pandya,2019,183,150,14,18,5,11,16.64,122.0,15.33,58.52
KH Pandya,2020,109,92,11,9,5,6,18.17,118.48,15.22,57.7
KH Pandya,2021,143,122,12,10,6,10,14.3,117.21,13.11,55.23
KH Pandya,2022,183,145,13,16,4,9,20.33,126.21,13.79,61.37
KK Cooper,2013,39,22,5,4,2,4,9.75,177.27,27.27,80.26
KK Nair,2014,330,232,11,38,9,10,33.0,142.24,20.26,74.15
KK Nair,2015,181,145,12,18,5,11,16.45,124.83,15.86,59.68
KK Nair,2016,357,295,12,40,6,10,35.7,121.02,15.59,65.81
KK Nair,2017,281,226,13,39,6,13,21.62,124.34,19.91,62.37
KK Nair,2018,301,221,12,23,13,12,25.08,136.2,16.29,67.77
KL Nagarkoti,2020,22,31,6,1,0,3,7.33,70.97,3.23,31.97
KL Rahul,2014,166,164,8,12,3,8,20.75,101.22,9.15,50.62
KL Rahul,2015,142,124,8,8,5,5,28.4,114.52,10.48,59.26
KL Rahul,2016,397,271,12,37,16,9,44.11,146.49,19.56,80.15
KL Rahul,2018,659,415,14,66,32,12,54.92,158.8,23.61,90.21
KL Rahul,2019,593,437,14,49,25,11,53.91,135.7,16.93,79.23
KL Rahul,2020,676,521,14,58,23,14,48.29,129.75,15.55,74.33
KL Rahul,2021,626,450,13,48,30,10,62.6,139.11,17.33,84.15
KL Rahul,2022,616,454,14,45,30,12,51.33,135.68,16.52,78.11
KM Jadhav,2009,76,56,5,7,2,3,25.33,135.71,16.07,67.63
KM Jadhav,2013,152,123,10,8,5,7,21.71,123.58,10.57,60.23
KM Jadhav,2014,149,99,10,13,7,5,29.8,150.51,20.2,76.16
KM Jadhav,2015,189,140,12,16,7,8,23.62,135.0,16.43,66.73
KM Jadhav,2017,267,183,13,25,10,12,22.25,145.9,19.13,71.09
KM Jadhav,2019,162,166,12,19,3,9,18.0,97.59,13.25,48.89
KM Jadhav,2020,62,65,5,7,0,3,20.67,95.38,10.77,48.57
KM Jadhav,2021,55,52,5,2,2,4,13.75,105.77,7.69,49.35
KMA Paul,2019,18,24,5,1,1,5,3.6,75.0,8.33,33.11
KP Pietersen,2009,329,241,13,31,10,10,32.9,136.51,17.01,71.17
KP Pietersen,2012,305,207,8,22,20,5,61.0,147.34,20.29,87.39
KP Pietersen,2014,294,233,11,34,7,10,29.4,126.18,17.6,65.75
KS Bharat,2021,191,154,6,10,8,5,38.2,124.03,11.69,67.23
KS Williamson,2016,124,122,6,14,0,6,20.67,101.64,11.48,51.22
KS Williamson,2017,256,168,7,20,10,6,42.67,152.38,17.86,81.59
KS Williamson,2018,735,515,17,64,28,14,52.5,142.72,17.86,81.66
KS Williamson,2019,156,129,9,12,5,7,22.29,120.93,13.18,59.92
KS Williamson,2020,317,236,11,26,10,7,45.29,134.32,15.25,74.89
KS Williamson,2021,270,237,10,30,2,6,45.0,113.92,13.5,66.27
KS Williamson,2022,216,231,12,16,8,11,19.64,93.51,10.39,47.34
KV Sharma,2013,85,86,7,6,2,4,21.25,98.84,9.3,49.9
KV Sharma,2014,42,29,8,1,3,4,10.5,144.83,13.79,64.89
KV Sharma,2015,104,85,9,3,6,6,17.33,122.35,10.59,57.99
KV Sharma,2017,49,41,6,5,2,6,8.17,119.51,17.07,54.49
Kuldeep Yadav,2022,48,52,7,3,2,1,48.0,92.31,9.62,58.05
L Balaji,2009,22,30,6,1,1,5,4.4,73.33,6.67,32.43
LA Carseldine,2009,81,66,5,11,0,4,20.25,122.73,16.67,60.53
LJ Wright,2013,106,59,5,16,3,5,21.2,179.66,32.2,86.78
LMP Simmons,2014,394,290,8,43,14,7,56.29,135.86,19.66,80.79
LMP Simmons,2015,540,438,13,56,21,12,45.0,123.29,17.58,70.83
LMP Simmons,2017,137,112,7,10,8,7,19.57,122.32,16.07,59.97
LR Shukla,2009,119,111,8,8,5,7,17.0,107.21,11.71,52.03
LR Shukla,2012,75,57,7,4,5,6,12.5,131.58,15.79,60.79
LRPL Taylor,2009,368,281,18,22,21,13,28.31,130.96,15.3,66.77
LRPL Taylor,2011,181,150,11,11,7,5,36.2,120.67,12.0,65.15
LRPL Taylor,2012,197,171,12,12,7,10,19.7,115.2,11.11,56.18
LRPL Taylor,2013,63,76,5,2,1,5,12.6,82.89,3.95,38.99
LS Livingstone,2021,42,41,5,3,1,5,8.4,102.44,9.76,46.29
LS Livingstone,2022,437,238,14,29,34,12,36.42,183.61,26.47,93.31
Lalit Yadav,2021,68,70,5,7,0,2,34.0,97.14,10.0,54.46
Lalit Yadav,2022,161,144,8,11,7,7,23.0,111.81,12.5,56.42
M Manhas,2009,232,211,14,21,1,7,33.14,109.95,10.43,59.32
M Manhas,2011,114,123,10,8,4,10,11.4,92.68,9.76,43.58
M Manhas,2012,120,96,7,10,4,4,30.0,125.0,14.58,64.92
M Manhas,2014,35,23,5,3,1,2,17.5,152.17,17.39,71.35
M Markande,2018,21,24,6,2,0,2,10.5,87.5,8.33,40.87
M Morkel,2011,40,24,5,3,2,2,20.0,166.67,20.83,78.83
M Morkel,2013,57,29,6,6,3,5,11.4,196.55,31.03,89.39
M Muralitharan,2009,9,10,5,1,0,3,3.0,90.0,10.0,39.2
M Shahrukh Khan,2021,153,114,10,9,10,7,21.86,134.21,16.67,65.76
M Shahrukh Khan,2022,117,108,8,4,9,7,16.71,108.33,12.04,52.42
M Vijay,2009,518,359,19,40,28,17,30.47,144.29,18.94,73.69
M Vijay,2011,434,339,16,34,20,16,27.12,128.02,15.93,65.24
M Vijay,2012,336,265,13,39,10,13,25.85,126.79,18.49,64.75
M Vijay,2013,312,286,15,27,8,14,22.29,109.09,12.24,55.0
M Vijay,2014,207,192,11,20,5,11,18.82,107.81,13.02,53.26
M Vijay,2015,251,228,11,27,8,11,22.82,110.09,15.35,56.23
M Vijay,2016,453,364,14,50,10,13,34.85,124.45,16.48,67.02
M Vohra,2013,161,117,10,22,2,8,20.12,137.61,20.51,67.19
M Vohra,2014,324,232,8,27,16,8,40.5,139.66,18.53,75.77
M Vohra,2015,82,81,7,4,5,7,11.71,101.23,11.11,47.4
M Vohra,2016,161,131,7,19,3,7,23.0,122.9,16.79,61.72
M Vohra,2017,229,159,9,23,9,9,25.44,144.03,20.13,71.81
MA Agarwal,2011,141,117,7,16,4,7,20.14,120.51,17.09,59.68
MA Agarwal,2012,225,157,12,19,15,11,20.45,143.31,21.66,69.84
MA Agarwal,2013,67,62,5,6,3,5,13.4,108.06,14.52,51.49
MA Agarwal,2014,115,91,8,12,3,8,14.38,126.37,16.48,59.6
MA Agarwal,2015,213,176,10,23,7,9,23.67,121.02,17.05,61.29
MA Agarwal,2018,120,94,11,9,5,10,12.0,127.66,14.89,58.84
MA Agarwal,2019,332,234,13,26,14,13,25.54,141.88,17.09,70.39
MA Agarwal,2020,432,272,11,46,15,11,39.27,158.82,22.43,83.72
MA Agarwal,2021,441,309,12,42,18,11,40.09,142.72,19.42,77.01
MA Agarwal,2022,196,160,12,23,6,12,16.33,122.5,18.12,59.16
MA Starc,2014,85,84,8,9,0,6,14.17,101.19,10.71,48.29
MC Henriques,2013,165,124,9,20,3,4,41.25,133.06,18.55,73.43
MC Henriques,2015,287,210,9,19,13,7,41.0,136.67,15.24,74.12
MC Henriques,2016,182,157,15,15,6,12,15.17,115.92,13.38,55.11
MC Henriques,2017,277,203,11,28,4,6,46.17,136.45,15.76,76.2
MC Juneja,2013,125,128,7,11,1,7,17.86,97.66,9.38,48.08
MD Mishra,2009,166,142,11,18,6,11,15.09,116.9,16.9,56.18
MD Mishra,2011,67,60,5,5,2,4,16.75,111.67,11.67,53.7
MEK Hussey,2011,492,413,14,53,6,12,41.0,119.13,14.29,66.91
MEK Hussey,2012,261,236,8,28,8,8,32.62,110.59,15.25,60.33
MEK Hussey,2013,733,565,17,81,17,14,52.36,129.73,17.35,76.31
MEK Hussey,2014,209,182,9,17,7,9,23.22,114.84,13.19,57.86
MF Maharoof,2009,52,44,6,2,2,4,13.0,118.18,9.09,54.29
MG Johnson,2013,39,36,6,2,2,4,9.75,108.33,11.11,49.45
MG Johnson,2014,56,50,8,4,3,3,18.67,112.0,14.0,55.07
MG Johnson,2015,31,36,8,1,1,4,7.75,86.11,5.56,38.66
MJ Clarke,2012,98,94,6,12,0,6,16.33,104.26,12.77,50.79
MJ Guptill,2017,132,87,7,17,5,6,22.0,151.72,25.29,74.55
MJ Lumb,2009,278,189,11,45,6,11,25.27,147.09,26.98,74.34
MJ McClenaghan,2017,16,15,5,0,1,4,4.0,106.67,6.67,45.6
MK Lomror,2022,86,57,5,7,4,5,17.2,150.88,19.3,71.09
MK Pandey,2009,417,342,17,44,11,14,29.79,121.93,16.08,63.9
MK Pandey,2011,246,227,9,28,6,9,27.33,108.37,14.98,57.28
MK Pandey,2012,143,110,9,12,6,7,20.43,130.0,16.36,63.44
MK Pandey,2013,136,137,7,11,3,6,22.67,99.27,10.22,50.82
MK Pandey,2014,409,343,16,35,11,13,31.46,119.24,13.41,62.96
MK Pandey,2015,225,184,12,22,7,11,20.45,122.28,15.76,60.24
MK Pandey,2016,248,183,11,17,9,8,31.0,135.52,14.21,69.45
MK Pandey,2017,396,306,12,28,12,8,49.5,129.41,13.07,74.18
MK Pandey,2018,284,246,13,22,5,11,25.82,115.45,10.98,58.7
MK Pandey,2019,345,264,11,34,6,9,38.33,130.68,15.15,70.63
MK Pandey,2020,425,333,15,35,18,13,32.69,127.63,15.92,67.31
MK Pandey,2021,292,235,8,21,10,6,48.67,124.26,13.19,71.81
MK Pandey,2022,88,80,6,9,2,6,14.67,110.0,13.75,52.62
MK Tiwary,2009,246,198,12,24,5,10,24.6,124.24,14.65,62.47
MK Tiwary,2011,359,322,13,26,14,7,51.29,111.49,12.42,67.6
MK Tiwary,2012,260,246,15,21,3,10,26.0,105.69,9.76,54.63
MK Tiwary,2013,146,140,9,12,1,8,18.25,104.29,9.29,50.87
MK Tiwary,2014,152,118,8,14,4,5,30.4,128.81,15.25,66.73
MK Tiwary,2017,324,235,13,31,11,10,32.4,137.87,17.87,71.68
ML Hayden,2009,918,672,28,97,38,28,32.79,136.61,20.09,71.78
MM Ali,2019,220,133,10,16,17,8,27.5,165.41,24.81,82.13
MM Ali,2021,357,260,15,31,19,14,25.5,137.31,19.23,68.97
MM Ali,2022,244,177,10,24,11,10,24.4,137.85,19.77,68.85
MM Patel,2009,37,31,7,5,0,4,9.25,119.35,16.13,54.67
MM Sharma,2015,28,18,5,1,2,3,9.33,155.56,16.67,69.29
MM Sharma,2016,32,26,5,3,1,4,8.0,123.08,15.38,55.51
MM Sharma,2017,51,50,7,4,1,6,8.5,102.0,10.0,46.2
MN Samuels,2012,124,123,8,7,5,7,17.71,100.81,9.76,49.36
MN van Wyk,2009,167,131,5,19,1,3,55.67,127.48,15.27,76.31
MP Stoinis,2016,146,108,5,13,4,4,36.5,135.19,15.74,71.82
MP Stoinis,2018,99,75,7,6,4,4,24.75,132.0,13.33,65.37
MP Stoinis,2019,211,156,10,14,10,4,52.75,135.26,15.38,78.28
MP Stoinis,2020,352,235,17,31,16,14,25.14,149.79,20.0,73.97
MP Stoinis,2021,89,71,7,11,1,4,22.25,125.35,16.9,62.42
MP Stoinis,2022,156,106,10,7,13,8,19.5,147.17,18.87,70.44
MR Marsh,2013,140,106,8,6,10,7,20.0,132.08,15.09,63.85
MR Marsh,2022,251,189,8,19,14,8,31.38,132.8,17.46,69.16
MS Bisla,2009,218,177,10,27,6,10,21.8,123.16,18.64,61.71
MS Bisla,2011,72,89,5,8,0,5,14.4,80.9,8.99,39.92
MS Bisla,2012,213,160,7,16,10,7,30.43,133.12,16.25,68.67
MS Bisla,2013,255,235,14,36,6,13,19.62,108.51,17.87,54.83
MS Dhoni,2009,619,471,24,48,17,17,36.41,131.42,13.8,69.89
MS Dhoni,2011,392,245,13,25,23,9,43.56,160.0,19.59,85.34
MS Dhoni,2012,358,275,17,26,9,12,29.83,130.18,12.73,66.55
MS Dhoni,2013,461,280,16,32,25,11,41.91,164.64,20.36,86.69
MS Dhoni,2014,371,247,15,22,20,5,74.2,150.2,17.0,93.16
MS Dhoni,2015,372,305,17,27,17,12,31.0,121.97,14.43,64.07
MS Dhoni,2016,284,210,12,18,14,7,40.57,135.24,15.24,73.37
MS Dhoni,2017,290,250,15,15,16,11,26.36,116.0,12.4,59.42
MS Dhoni,2018,455,301,15,24,30,6,75.83,151.16,17.94,94.38
MS Dhoni,2019,416,305,12,22,23,5,83.2,136.39,14.75,90.79
MS Dhoni,2020,200,172,12,16,7,8,25.0,116.28,13.37,59.19
MS Dhoni,2021,114,107,11,12,3,7,16.29,106.54,14.02,51.94
MS Dhoni,2022,232,186,12,21,10,7,33.14,124.73,16.67,66.48
MS Wade,2022,157,138,10,23,2,10,15.7,113.77,18.12,55.41
MV Boucher,2009,163,124,11,8,7,6,27.17,131.45,12.1,65.87
Mandeep Singh,2011,47,41,5,4,1,4,11.75,114.63,12.2,52.99
Mandeep Singh,2012,432,341,16,53,7,16,27.0,126.69,17.6,65.0
Mandeep Singh,2013,260,223,14,36,0,13,20.0,116.59,16.14,57.86
Mandeep Singh,2015,157,100,8,17,6,7,22.43,157.0,23.0,76.37
Mandeep Singh,2017,188,177,10,21,4,10,18.8,106.21,14.12,52.83
Mandeep Singh,2018,252,186,13,16,11,10,25.2,135.48,14.52,67.18
Mandeep Singh,2019,165,120,12,10,4,4,41.25,137.5,11.67,73.83
Mandeep Singh,2020,130,109,7,10,4,6,21.67,119.27,12.84,58.94
Mohammad Nabi,2019,121,77,7,8,8,7,17.29,157.14,20.78,73.93
Mohammed Shami,2017,36,24,6,4,2,4,9.0,150.0,25.0,68.6
N Pooran,2019,168,107,6,10,14,6,28.0,157.01,22.43,78.49
N Pooran,2020,353,209,14,23,25,12,29.42,168.9,22.97,83.92
N Pooran,2021,85,76,10,3,5,11,7.73,111.84,10.53,49.93
N Pooran,2022,306,212,13,16,21,8,38.25,144.34,17.45,76.53
N Rana,2017,333,263,12,24,17,11,30.27,126.62,15.59,65.87
N Rana,2018,304,232,15,26,14,14,21.71,131.03,17.24,64.54
N Rana,2019,344,235,11,27,21,10,34.4,146.38,20.43,76.4
N Rana,2020,352,254,14,43,12,14,25.14,138.58,21.65,69.82
N Rana,2021,383,313,16,34,17,13,29.46,122.36,16.29,63.99
N Rana,2022,361,249,14,29,22,13,27.77,144.98,20.48,73.2
N Saini,2012,140,140,10,16,0,10,14.0,100.0,11.43,47.89
NLTC Perera,2013,235,163,14,12,14,10,23.5,144.17,15.95,70.26
NLTC Perera,2016,150,92,10,7,11,7,21.43,163.04,19.57,77.7
NM Coulter-Nile,2015,20,18,5,2,1,4,5.0,111.11,16.67,49.78
NV Ojha,2009,545,427,22,53,26,19,28.68,127.63,18.5,66.22
NV Ojha,2011,160,161,14,11,11,13,12.31,99.38,13.66,47.41
NV Ojha,2012,255,223,16,21,13,11,23.18,114.35,15.25,58.06
NV Ojha,2014,232,160,10,14,17,6,38.67,145.0,19.38,77.34
NV Ojha,2015,137,120,11,12,4,10,13.7,114.17,13.33,53.81
NV Ojha,2016,136,138,13,7,5,10,13.6,98.55,8.7,46.6
NV Ojha,2017,79,65,5,2,3,4,19.75,121.54,7.69,58.05
OA Shah,2009,115,95,5,7,5,2,57.5,121.05,12.63,73.95
OA Shah,2012,340,255,13,24,16,9,37.78,133.33,15.69,71.58
OF Smith,2022,51,44,6,1,5,3,17.0,115.91,13.64,55.89
P Dogra,2009,107,106,8,4,5,8,13.38,100.94,8.49,47.43
P Kumar,2009,69,54,11,1,6,7,9.86,127.78,12.96,57.65
P Kumar,2011,27,31,7,2,1,3,9.0,87.1,9.68,40.38
P Kumar,2012,35,29,7,2,1,3,11.67,120.69,10.34,55.01
P Kumar,2013,47,38,7,3,3,6,7.83,123.68,15.79,55.76
P Kumar,2016,24,26,6,3,0,4,6.0,92.31,11.54,41.63
P Negi,2015,116,72,9,10,5,8,14.5,161.11,20.83,74.41
P Negi,2016,57,59,6,2,3,2,28.5,96.61,8.47,51.74
P Negi,2017,144,111,10,10,7,8,18.0,129.73,15.32,62.16
PA Patel,2009,214,205,13,25,4,13,16.46,104.39,14.15,51.17
PA Patel,2011,202,182,13,25,2,10,20.2,110.99,14.84,55.44
PA Patel,2012,194,164,12,19,4,11,17.64,118.29,14.02,57.18
PA Patel,2013,294,255,13,37,4,13,22.62,115.29,16.08,58.38
PA Patel,2014,205,185,12,30,1,10,20.5,110.81,16.76,55.88
PA Patel,2015,339,246,14,47,5,13,26.08,137.8,21.14,69.78
PA Patel,2016,177,151,10,23,4,10,17.7,117.22,17.88,57.54
PA Patel,2017,395,293,16,49,8,16,24.69,134.81,19.45,67.69
PA Patel,2018,153,109,6,20,4,5,30.6,140.37,22.02,72.79
PA Patel,2019,373,265,14,48,10,14,26.64,140.75,21.89,71.33
PA Reddy,2013,91,101,7,9,0,7,13.0,90.1,8.91,43.02
PBB Rajapaksa,2022,206,128,9,16,13,9,22.89,160.94,22.66,78.06
PC Valthaty,2011,463,334,14,56,20,13,35.62,138.62,22.75,74.25
PC Valthaty,2012,30,51,6,4,0,6,5.0,58.82,7.84,27.1
PD Collingwood,2009,203,156,7,9,13,5,40.6,130.13,14.1,71.11
PJ Cummins,2017,77,53,8,5,4,5,15.4,145.28,16.98,67.67
PJ Cummins,2020,146,114,10,9,8,7,20.86,128.07,14.91,62.55
PJ Cummins,2021,93,56,5,5,8,3,31.0,166.07,23.21,83.47
PJ Cummins,2022,63,23,5,5,6,4,15.75,273.91,47.83,125.43
PJ Sangwan,2009,16,24,6,0,0,2,8.0,66.67,0.0,29.87
PK Garg,2020,133,109,10,9,4,9,14.78,122.02,11.93,57.11
PK Garg,2021,72,74,5,2,3,5,14.4,97.3,6.76,46.03
PP Chawla,2009,93,95,14,10,0,10,9.3,97.89,10.53,44.98
PP Chawla,2011,48,55,6,2,2,3,16.0,87.27,7.27,42.76
PP Chawla,2012,106,88,12,9,4,8,13.25,120.45,14.77,56.43
PP Chawla,2013,64,57,10,5,3,6,10.67,112.28,14.04,51.99
PP Chawla,2014,31,19,5,4,1,3,10.33,163.16,26.32,74.66
PP Chawla,2015,54,47,7,5,2,4,13.5,114.89,14.89,54.33
PP Chawla,2018,27,34,5,1,1,4,6.75,79.41,5.88,35.64
PP Chawla,2019,42,37,5,4,2,3,14.0,113.51,16.22,54.25
PP Ojha,2009,4,15,7,0,0,6,0.67,26.67,0.0,10.94
PP Shaw,2018,245,160,9,27,10,9,27.22,153.12,23.12,76.76
PP Shaw,2019,353,263,16,45,9,16,22.06,134.22,20.53,66.62
PP Shaw,2020,228,167,13,27,8,13,17.54,136.53,20.96,65.82
PP Shaw,2021,479,300,15,56,18,15,31.93,159.67,24.67,81.57
PP Shaw,2022,283,184,10,37,10,10,28.3,153.8,25.54,77.95
PVD Chameera,2022,43,28,7,3,3,4,10.75,153.57,21.43,70.01
PWH de Silva,2022,38,43,7,4,1,7,5.43,88.37,11.63,39.85
Q de Kock,2014,153,130,7,19,4,7,21.86,117.69,17.69,59.36
Q de Kock,2016,445,326,13,52,13,12,37.08,136.5,19.94,73.42
Q de Kock,2018,201,162,8,20,8,8,25.12,124.07,17.28,63.13
Q de Kock,2019,529,396,16,45,25,15,35.27,133.59,17.68,71.08
Q de Kock,2020,506,361,16,46,22,15,33.73,140.17,18.84,73.33
Q de Kock,2021,297,255,11,29,7,10,29.7,116.47,14.12,61.29
Q de Kock,2022,508,340,15,47,23,14,36.29,149.41,20.59,78.4
R Ashwin,2009,38,55,7,3,0,5,7.6,69.09,5.45,31.77
R Ashwin,2012,18,15,5,2,0,3,6.0,120.0,13.33,53.07
R Ashwin,2013,35,49,5,4,0,4,8.75,71.43,8.16,33.7
R Ashwin,2014,45,45,5,4,0,3,15.0,100.0,8.89,47.78
R Ashwin,2015,52,32,6,6,1,3,17.33,162.5,21.88,76.31
R Ashwin,2016,41,38,6,3,1,2,20.5,107.89,10.53,53.46
R Ashwin,2018,102,71,8,7,5,8,12.75,143.66,16.9,65.94
R Ashwin,2019,42,28,6,3,3,5,8.4,150.0,21.43,67.65
R Ashwin,2020,37,34,5,3,1,3,12.33,108.82,11.76,50.81
R Ashwin,2021,44,42,5,2,1,3,14.67,104.76,7.14,49.2
R Ashwin,2022,191,134,12,14,9,7,27.29,142.54,17.16,71.36
R Bhatia,2009,32,35,8,2,2,8,4.0,91.43,11.43,40.46
R Bhatia,2011,25,22,6,3,0,3,8.33,113.64,13.64,51.52
R Bhatia,2012,35,28,6,4,0,3,11.67,125.0,14.29,57.53
R Bhatia,2013,99,80,10,8,3,6,16.5,123.75,13.75,58.85
R Bhatia,2014,67,53,7,4,3,5,13.4,126.42,13.21,58.57
R Bhatia,2016,34,20,5,1,2,1,34.0,170.0,15.0,84.6
R Dhawan,2014,82,75,6,8,1,2,41.0,109.33,12.0,62.53
R Dravid,2009,527,433,23,62,6,21,25.1,121.71,15.7,61.86
R Dravid,2011,343,312,12,45,2,11,31.18,109.94,15.06,59.46
R Dravid,2012,462,412,16,63,4,16,28.88,112.14,16.26,59.66
R Dravid,2013,471,424,17,64,5,16,29.44,111.08,16.27,59.46
R McLaren,2009,66,69,7,7,0,3,22.0,95.65,10.14,49.09
R Parag,2019,160,126,5,17,5,5,32.0,126.98,17.46,67.08
R Parag,2020,86,77,8,6,3,7,12.29,111.69,11.69,51.93
R Parag,2021,93,82,10,6,4,8,11.62,113.41,12.2,52.45
R Parag,2022,183,132,14,11,10,11,16.64,138.64,15.91,65.29
R Powell,2022,250,167,12,10,22,10,25.0,149.7,19.16,73.71
R Rampaul,2013,38,36,6,3,1,4,9.5,105.56,11.11,48.25
R Sathish,2009,112,96,10,11,0,7,16.0,116.67,11.46,55.36
R Sathish,2013,109,76,8,9,5,5,21.8,143.42,18.42,69.77
R Sharma,2011,24,21,5,1,2,3,8.0,114.29,14.29,51.77
R Sharma,2013,11,17,6,1,0,4,2.75,64.71,5.88,28.16
R Tewatia,2018,50,43,5,5,1,3,16.67,116.28,13.95,55.97
R Tewatia,2020,255,182,11,13,17,6,42.5,140.11,16.48,76.34
R Tewatia,2021,155,147,11,11,6,10,15.5,105.44,11.56,50.69
R Tewatia,2022,217,147,12,22,9,7,31.0,147.62,21.09,75.67
R Vinay Kumar,2009,74,76,12,5,1,9,8.22,97.37,7.89,43.81
R Vinay Kumar,2011,50,47,7,4,1,6,8.33,106.38,10.64,48.01
R Vinay Kumar,2012,68,62,7,3,2,5,13.6,109.68,8.06,50.92
R Vinay Kumar,2013,70,44,5,6,3,1,70.0,159.09,20.45,95.73
RA Jadeja,2009,295,265,13,21,6,11,26.82,111.32,10.19,57.29
RA Jadeja,2011,283,227,12,20,14,9,31.44,124.67,14.98,65.44
RA Jadeja,2012,191,151,14,13,9,12,15.92,126.49,14.57,59.88
RA Jadeja,2013,201,134,14,17,6,8,25.12,150.0,17.16,73.48
RA Jadeja,2014,146,109,10,9,5,5,29.2,133.94,12.84,67.82
RA Jadeja,2015,132,126,11,7,3,7,18.86,104.76,7.94,51.04
RA Jadeja,2016,191,175,15,14,4,9,21.22,109.14,10.29,54.2
RA Jadeja,2017,158,113,10,13,4,4,39.5,139.82,15.04,74.74
RA Jadeja,2018,89,74,8,3,4,5,17.8,120.27,9.46,57.12
RA Jadeja,2019,106,87,9,7,4,3,35.33,121.84,12.64,65.4
RA Jadeja,2020,232,134,11,22,11,5,46.4,173.13,24.63,92.74
RA Jadeja,2021,227,155,11,19,9,3,75.67,146.45,18.06,92.46
RA Jadeja,2022,116,98,10,6,5,6,19.33,118.37,11.22,57.32
RA Tripathi,2017,391,267,14,43,17,14,27.93,146.44,22.47,74.24
RA Tripathi,2018,226,166,12,18,8,9,25.11,136.14,15.66,67.63
RA Tripathi,2019,141,117,7,13,2,6,23.5,120.51,12.82,60.17
RA Tripathi,2020,230,181,11,21,10,10,23.0,127.07,17.13,63.45
RA Tripathi,2021,397,282,16,41,11,14,28.36,140.78,18.44,71.34
RA Tripathi,2022,413,260,14,40,20,12,34.42,158.85,23.08,81.92
RD Chahar,2022,77,68,8,7,4,6,12.83,113.24,16.18,53.66
RD Gaikwad,2020,204,169,6,16,6,4,51.0,120.71,13.02,71.29
RD Gaikwad,2021,635,462,16,64,23,14,45.36,137.45,18.83,76.89
RD Gaikwad,2022,368,289,14,33,14,14,26.29,127.34,16.26,64.7
RE Levi,2012,83,73,6,10,4,6,13.83,113.7,19.18,54.85
RE van der Merwe,2009,123,100,9,8,8,9,13.67,123.0,16.0,57.87
RG Sharma,2009,766,613,32,58,32,27,28.37,124.96,14.68,64.27
RG Sharma,2011,372,297,13,32,13,11,33.82,125.25,15.15,66.66
RG Sharma,2012,433,341,16,39,18,14,30.93,126.98,16.72,66.51
RG Sharma,2013,538,408,19,35,28,14,38.43,131.86,15.44,71.2
RG Sharma,2014,390,302,15,31,16,13,30.0,129.14,15.56,66.77
RG Sharma,2015,482,333,16,41,21,14,34.43,144.74,18.62,75.39
RG Sharma,2016,489,366,14,49,17,11,44.45,133.61,18.03,74.83
RG Sharma,2017,333,273,16,31,9,14,23.79,121.98,14.65,61.24
RG Sharma,2018,286,214,14,25,12,12,23.83,133.64,17.29,66.45
RG Sharma,2019,405,314,15,52,10,14,28.93,128.98,19.75,67.11
RG Sharma,2020,334,263,12,27,19,12,27.83,127.0,17.49,65.43
RG Sharma,2021,381,298,13,33,14,13,29.31,127.85,15.77,66.02
RG Sharma,2022,268,222,14,28,13,14,19.14,120.72,18.47,59.64
RJ Harris,2009,66,57,10,2,2,5,13.2,115.79,7.02,53.0
RJ Harris,2011,31,38,7,3,0,5,6.2,81.58,7.89,36.69
RJ Peterson,2012,32,30,5,3,1,3,10.67,106.67,13.33,49.6
RJ Quiney,2009,103,102,7,12,3,7,14.71,100.98,14.71,49.22
RK Singh,2022,174,117,7,17,7,5,34.8,148.72,20.51,77.51
RM Patidar,2022,333,217,7,27,18,6,55.5,153.46,20.74,87.73
RN ten Doeschate,2014,52,33,6,3,4,4,13.0,157.58,21.21,72.47
RN ten Doeschate,2015,61,45,5,4,3,3,20.33,135.56,15.56,65.47
RP Singh,2009,17,36,10,0,0,6,2.83,47.22,0.0,20.02
RP Singh,2012,6,12,5,0,0,2,3.0,50.0,0.0,21.2
RR Pant,2016,198,152,10,19,6,8,24.75,130.26,16.45,65.29
RR Pant,2017,366,220,14,28,24,14,26.14,166.36,23.64,81.73
RR Pant,2018,684,394,14,68,37,13,52.62,173.6,26.65,95.82
RR Pant,2019,494,302,16,37,27,13,38.0,163.58,21.19,84.87
RR Pant,2020,345,300,14,32,9,11,31.36,115.0,13.67,61.28
RR Pant,2021,424,328,16,43,10,12,35.33,129.27,16.16,69.07
RR Pant,2022,340,222,13,35,16,11,30.91,153.15,22.97,78.22
RR Powar,2009,28,30,5,2,0,2,14.0,93.33,6.67,44.27
RS Bopara,2009,386,333,14,33,10,13,29.69,115.92,12.91,60.83
RS Bopara,2015,145,120,8,6,6,5,29.0,120.83,10.0,61.93
RT Ponting,2013,52,75,5,3,1,5,10.4,69.33,5.33,32.96
RV Gomez,2011,46,50,8,4,1,5,9.2,92.0,10.0,42.48
RV Uthappa,2009,549,388,27,39,30,23,23.87,141.49,17.78,69.7
RV Uthappa,2011,264,205,13,27,10,10,26.4,128.78,18.05,65.68
RV Uthappa,2012,405,342,16,38,10,15,27.0,118.42,14.04,60.98
RV Uthappa,2013,434,368,16,42,12,16,27.12,117.93,14.67,60.95
RV Uthappa,2014,660,478,16,74,18,15,44.0,138.08,19.25,76.68
RV Uthappa,2015,364,277,13,42,7,12,30.33,131.41,17.69,68.23
RV Uthappa,2016,394,288,15,45,8,15,26.27,136.81,18.4,68.91
RV Uthappa,2017,388,235,13,36,21,13,29.85,165.11,24.26,82.84
RV Uthappa,2018,351,264,16,30,21,16,21.94,132.95,19.32,65.82
RV Uthappa,2019,284,247,11,28,10,9,31.56,114.98,15.38,61.69
RV Uthappa,2020,196,164,12,19,7,12,16.33,119.51,15.85,57.51
RV Uthappa,2022,230,170,11,19,14,11,20.91,135.29,19.41,66.36
Rashid Khan,2018,59,31,7,3,6,5,11.8,190.32,29.03,86.65
Rashid Khan,2019,34,23,7,2,2,5,6.8,147.83,17.39,65.33
Rashid Khan,2020,35,29,6,3,2,4,8.75,120.69,17.24,55.22
Rashid Khan,2021,83,66,10,9,2,8,10.38,125.76,16.67,57.79
Rashid Khan,2022,91,44,8,3,9,4,22.75,206.82,27.27,97.28
S Anirudha,2011,83,74,5,6,3,4,20.75,112.16,12.16,55.6
S Aravind,2017,32,40,6,2,0,4,8.0,80.0,5.0,36.2
S Badree,2017,13,23,5,0,0,5,2.6,56.52,0.0,23.65
S Badrinath,2009,533,465,26,61,9,20,26.65,114.62,15.05,59.52
S Badrinath,2011,396,312,12,38,9,7,56.57,126.92,15.06,76.41
S Badrinath,2012,196,181,9,23,2,7,28.0,108.29,13.81,57.28
S Badrinath,2013,124,120,7,11,0,7,17.71,103.33,9.17,50.25
S Dhawan,2009,231,214,14,26,3,14,16.5,107.94,13.55,52.49
S Dhawan,2011,400,309,14,47,7,12,33.33,129.45,17.48,68.61
S Dhawan,2012,569,438,15,58,18,14,40.64,129.91,17.35,71.69
S Dhawan,2013,311,253,10,37,5,8,38.88,122.92,16.6,68.04
S Dhawan,2014,377,317,14,49,7,13,29.0,118.93,17.67,62.71
S Dhawan,2015,353,285,14,45,6,13,27.15,123.86,17.89,63.98
S Dhawan,2016,501,427,17,51,8,13,38.54,117.33,13.82,65.11
S Dhawan,2017,479,375,14,53,9,13,36.85,127.73,16.53,69.14
S Dhawan,2018,497,362,16,59,14,14,35.5,137.29,20.17,73.15
S Dhawan,2019,521,382,16,64,11,15,34.73,136.39,19.63,72.37
S Dhawan,2020,618,425,17,67,13,14,44.14,145.41,18.82,79.58
S Dhawan,2021,587,471,16,63,16,15,39.13,124.63,16.77,68.86
S Dhawan,2022,460,372,14,47,12,12,38.33,123.66,15.86,67.97
S Dube,2020,129,105,9,5,9,7,18.43,122.86,13.33,59.18
S Dube,2021,230,193,9,18,10,8,28.75,119.17,14.51,62.07
S Dube,2022,289,184,11,22,16,10,28.9,157.07,20.65,78.52
S Gopal,2019,63,46,7,8,1,4,15.75,136.96,19.57,65.0
S Gopal,2020,37,39,5,3,0,4,9.25,94.87,7.69,43.19
S Nadeem,2013,14,27,6,1,0,5,2.8,51.85,3.7,22.6
S Rana,2014,73,64,7,7,1,3,24.33,114.06,12.5,57.86
S Sohal,2009,115,91,8,9,8,8,14.38,126.37,18.68,60.04
S Sohal,2011,249,190,10,25,10,10,24.9,131.05,18.42,66.06
S Sreesanth,2009,32,39,5,6,0,0,,82.05,15.38,
SA Asnodkar,2009,103,97,9,12,4,10,10.3,106.19,16.49,49.89
SA Yadav,2014,164,115,10,16,5,6,27.33,142.61,18.26,71.63
SA Yadav,2015,157,113,13,12,8,9,17.44,138.94,17.7,66.09
SA Yadav,2016,182,141,11,18,5,7,26.0,129.08,16.31,65.29
SA Yadav,2017,105,88,7,8,3,6,17.5,119.32,12.5,57.23
SA Yadav,2018,512,384,14,61,16,14,36.57,133.33,20.05,71.97
SA Yadav,2019,424,324,15,45,10,13,32.62,130.86,16.98,68.79
SA Yadav,2020,480,330,15,61,11,12,40.0,145.45,21.82,78.54
SA Yadav,2021,317,220,14,40,10,14,22.64,144.09,22.73,71.24
SA Yadav,2022,303,206,8,23,16,7,43.29,147.09,18.93,79.94
SC Ganguly,2009,682,623,25,71,21,24,28.42,109.47,14.77,58.11
SC Ganguly,2012,268,271,15,30,4,15,17.87,98.89,12.55,49.21
SE Marsh,2011,504,343,13,52,20,12,42.0,146.94,20.99,79.77
SE Marsh,2012,336,280,13,39,7,11,30.55,120.0,16.43,63.51
SE Marsh,2013,300,249,8,39,4,8,37.5,120.48,17.27,66.65
SE Marsh,2016,159,134,6,13,4,5,31.8,118.66,12.69,62.72
SE Marsh,2017,264,192,8,36,5,8,33.0,137.5,21.35,72.47
SE Rutherford,2019,73,54,7,2,7,5,14.6,135.19,16.67,63.25
SK Raina,2009,962,670,30,82,44,26,37.0,143.58,18.81,75.99
SK Raina,2011,438,323,16,36,17,14,31.29,135.6,16.41,70.04
SK Raina,2012,441,324,18,36,19,17,25.94,136.11,16.98,68.22
SK Raina,2013,548,364,17,50,18,13,42.15,150.55,18.68,80.82
SK Raina,2014,523,357,16,51,19,13,40.23,146.5,19.61,78.61
SK Raina,2015,374,303,17,31,16,15,24.93,123.43,15.51,62.45
SK Raina,2016,399,312,15,39,10,14,28.5,127.88,15.71,65.69
SK Raina,2017,442,304,14,42,13,11,40.18,145.39,18.09,77.85
SK Raina,2018,445,335,15,46,12,12,37.08,132.84,17.31,71.43
SK Raina,2019,383,312,17,45,9,16,23.94,122.76,17.31,62.14
SK Raina,2021,160,127,11,13,9,9,17.78,125.98,17.32,60.97
SK Trivedi,2009,29,31,7,3,1,4,7.25,93.55,12.9,42.9
SK Warne,2009,118,135,16,6,4,13,9.08,87.41,7.41,40.08
SL Malinga,2012,55,53,6,4,3,6,9.17,103.77,13.21,47.82
SL Malinga,2013,9,18,6,1,0,4,2.25,50.0,5.56,22.01
SM Curran,2019,95,55,8,13,3,4,23.75,172.73,29.09,84.41
SM Curran,2020,186,141,11,12,12,8,23.25,131.91,17.02,65.47
SM Katich,2009,145,117,9,15,6,9,16.11,123.93,17.95,59.61
SN Khan,2015,111,70,7,12,2,4,27.75,158.57,20.0,78.53
SN Khan,2018,51,41,6,7,1,5,10.2,124.39,19.51,57.74
SN Khan,2019,180,141,5,19,4,4,45.0,127.66,16.31,72.33
SN Khan,2022,91,67,5,9,2,3,30.33,135.82,16.42,69.74
SN Thakur,2022,120,87,10,7,7,8,15.0,137.93,16.09,64.39
SO Hetmyer,2019,90,73,5,4,7,5,18.0,123.29,15.07,59.53
SO Hetmyer,2020,185,124,11,11,12,8,23.12,149.19,18.55,72.63
SO Hetmyer,2021,242,142,12,19,12,7,34.57,170.42,21.83,86.36
SO Hetmyer,2022,314,204,15,21,21,7,44.86,153.92,20.59,83.63
SP Goswami,2012,69,67,6,4,1,5,13.8,102.99,7.46,48.21
SP Jackson,2022,23,26,5,0,1,4,5.75,88.46,3.85,38.45
SP Narine,2013,21,19,6,0,2,3,7.0,110.53,10.53,49.12
SP Narine,2017,224,130,14,34,10,13,17.23,172.31,33.85,82.59
SP Narine,2018,357,188,16,40,23,16,22.31,189.89,33.51,91.58
SP Narine,2019,143,85,8,17,9,8,17.88,168.24,30.59,80.57
SP Narine,2020,121,85,9,10,8,9,13.44,142.35,21.18,66.55
SP Narine,2021,62,47,10,3,5,8,7.75,131.91,17.02,59.27
SP Narine,2022,71,40,9,6,6,8,8.88,177.5,30.0,80.55
SPD Smith,2012,362,262,14,24,14,9,40.22,138.17,14.5,74.26
SPD Smith,2013,159,132,7,15,4,4,39.75,120.45,14.39,66.96
SPD Smith,2014,152,112,7,13,4,4,38.0,135.71,15.18,72.52
SPD Smith,2015,298,220,12,34,3,11,27.09,135.45,16.82,68.38
SPD Smith,2016,270,175,7,27,8,6,45.0,154.29,20.0,83.72
SPD Smith,2017,472,387,15,38,12,12,39.33,121.96,12.92,67.1
SPD Smith,2019,319,273,10,30,4,8,39.88,116.85,12.45,65.18
SPD Smith,2020,311,235,14,32,9,12,25.92,132.34,17.45,66.79
SPD Smith,2021,152,135,7,13,2,6,25.33,112.59,11.11,57.39
SR Tendulkar,2009,982,762,28,125,13,24,40.92,128.87,18.11,71.54
SR Tendulkar,2011,553,488,16,67,5,13,42.54,113.32,14.75,65.29
SR Tendulkar,2012,324,283,13,39,4,12,27.0,114.49,15.19,59.63
SR Tendulkar,2013,287,231,14,39,5,14,20.5,124.24,19.05,61.71
SR Watson,2009,185,113,5,18,9,5,37.0,163.72,23.89,85.07
SR Watson,2011,330,252,11,31,17,10,33.0,130.95,19.05,69.39
SR Watson,2012,255,168,7,26,14,6,42.5,151.79,23.81,82.48
SR Watson,2013,543,378,16,59,22,14,38.79,143.65,21.43,77.26
SR Watson,2014,246,198,13,20,14,12,20.5,124.24,17.17,61.33
SR Watson,2015,347,257,9,37,14,9,38.56,135.02,19.84,73.4
SR Watson,2016,179,134,15,14,12,13,13.77,133.58,19.4,62.82
SR Watson,2017,71,78,7,6,1,6,11.83,91.03,8.97,42.94
SR Watson,2018,555,358,15,44,35,14,39.64,155.03,22.07,82.28
SR Watson,2019,398,311,17,42,20,17,23.41,127.97,19.94,64.54
SR Watson,2020,299,247,11,33,13,10,29.9,121.05,18.62,64.1
SS Iyer,2015,439,342,14,41,21,13,33.77,128.36,18.13,68.48
SS Iyer,2016,30,43,6,2,1,6,5.0,69.77,6.98,31.3
SS Iyer,2017,338,242,12,36,10,10,33.8,139.67,19.01,73.19
SS Iyer,2018,411,309,13,29,21,11,37.36,133.01,16.18,71.38
SS Iyer,2019,467,386,16,42,14,16,29.19,120.98,14.51,62.97
SS Iyer,2020,519,419,17,40,16,15,34.6,123.87,13.37,66.06
SS Iyer,2021,175,171,8,7,5,5,35.0,102.34,7.02,56.34
SS Iyer,2022,401,298,14,41,11,13,30.85,134.56,17.45,69.65
SS Prabhudessai,2022,67,58,5,7,2,5,13.4,115.52,15.52,54.67
SS Tiwary,2009,432,319,18,29,18,15,28.8,135.42,14.73,68.63
SS Tiwary,2011,187,186,13,13,5,8,23.38,100.54,9.68,51.5
SS Tiwary,2012,191,167,11,9,8,8,23.88,114.37,10.18,57.34
SS Tiwary,2013,109,106,6,4,4,4,27.25,102.83,7.55,53.54
SS Tiwary,2015,109,78,6,9,5,0,,139.74,17.95,
SS Tiwary,2016,170,139,7,17,4,7,24.29,122.3,15.11,61.66
SS Tiwary,2020,103,80,5,8,3,5,20.6,128.75,13.75,62.49
ST Jayasuriya,2009,254,221,16,27,8,16,15.88,114.93,15.84,55.49
STR Binny,2012,90,67,6,9,3,4,22.5,134.33,17.91,66.31
STR Binny,2013,293,199,16,25,12,9,32.56,147.24,18.59,75.64
STR Binny,2014,123,121,11,4,5,10,12.3,101.65,7.44,47.07
STR Binny,2015,74,65,8,7,1,4,18.5,113.85,12.31,55.4
STR Binny,2016,63,39,5,5,4,4,15.75,161.54,23.08,75.53
STR Binny,2017,78,76,7,6,3,5,15.6,102.63,11.84,49.66
STR Binny,2018,44,39,5,2,2,5,8.8,112.82,10.26,50.7
STR Binny,2019,70,40,5,5,4,3,23.33,175.0,22.5,83.83
SV Samson,2013,206,178,10,19,5,8,25.75,115.73,13.48,59.29
SV Samson,2014,339,273,13,25,17,13,26.08,124.18,15.38,63.18
SV Samson,2015,204,162,11,16,8,10,20.4,125.93,14.81,61.49
SV Samson,2016,291,258,14,20,8,11,26.45,112.79,10.85,57.87
SV Samson,2017,386,273,14,32,19,14,27.57,141.39,18.68,71.32
SV Samson,2018,441,319,15,30,19,14,31.5,138.24,15.36,70.97
SV Samson,2019,342,229,11,28,13,10,34.2,149.34,17.9,77.0
SV Samson,2020,375,234,14,21,26,13,28.85,160.26,20.09,79.66
SV Samson,2021,484,351,14,45,17,12,40.33,137.89,17.66,74.82
SV Samson,2022,458,311,17,43,26,16,28.62,147.27,22.19,74.79
SW Billings,2017,138,103,6,19,1,6,23.0,133.98,19.42,66.68
SW Billings,2018,108,78,8,8,5,8,13.5,138.46,16.67,64.12
SW Billings,2022,169,137,8,9,10,7,24.14,123.36,13.87,61.77
Sachin Baby,2016,119,77,6,9,5,4,29.75,154.55,18.18,77.36
Sandeep Sharma,2020,12,15,5,1,0,2,6.0,80.0,6.67,35.73
Shahbaz Ahmed,2021,59,53,7,4,2,7,8.43,111.32,11.32,50.16
Shahbaz Ahmed,2022,219,179,11,14,9,8,27.38,122.35,12.85,62.46
Shakib Al Hasan,2012,91,73,7,6,3,6,15.17,124.66,12.33,58.4
Shakib Al Hasan,2014,229,153,11,22,7,8,28.62,149.67,18.95,75.11
Shakib Al Hasan,2016,114,106,7,7,5,5,22.8,107.55,11.32,54.4
Shakib Al Hasan,2018,239,195,13,26,5,11,21.73,122.56,15.9,60.9
Shakib Al Hasan,2021,47,48,6,3,1,5,9.4,97.92,8.33,44.59
Shashank Singh,2022,69,47,5,5,4,4,17.25,146.81,19.15,69.45
Shubman Gill,2018,203,139,10,22,5,6,33.83,146.04,19.42,75.83
Shubman Gill,2019,296,237,13,21,10,9,32.89,124.89,13.08,65.73
Shubman Gill,2020,440,372,14,44,9,13,33.85,118.28,14.25,63.7
Shubman Gill,2021,478,401,17,50,12,17,28.12,119.2,15.46,62.02
Shubman Gill,2022,483,362,16,51,11,14,34.5,133.43,17.13,70.6
Sunny Singh,2011,43,31,5,6,1,4,10.75,138.71,22.58,64.3
TA Boult,2022,40,29,7,2,1,2,20.0,137.93,10.34,65.24
TG Southee,2022,2,12,5,0,0,4,0.5,16.67,0.0,6.87
TH David,2022,186,86,8,12,16,5,37.2,216.28,32.56,107.9
TL Suman,2009,544,445,26,41,20,19,28.63,122.25,13.71,63.09
TL Suman,2011,65,51,6,5,5,6,10.83,127.45,19.61,59.23
TL Suman,2013,52,58,5,8,0,5,10.4,89.66,13.79,42.78
TM Dilshan,2009,462,392,19,48,13,16,28.88,117.86,15.56,61.81
TM Dilshan,2011,226,180,10,33,3,8,28.25,125.56,20.0,65.52
TM Dilshan,2012,285,259,9,33,5,8,35.62,110.04,14.67,61.2
TM Dilshan,2013,76,92,5,12,0,5,15.2,82.61,13.04,41.73
TM Head,2017,151,108,7,9,6,5,30.2,139.81,13.89,70.78
TR Birt,2011,75,57,5,9,2,5,15.0,131.58,19.3,62.49
Tilak Varma,2022,397,302,14,29,16,11,36.09,131.46,14.9,70.0
UBT Chand,2013,158,157,9,17,4,9,17.56,100.64,13.38,49.96
UBT Chand,2015,102,83,5,13,2,5,20.4,122.89,18.07,60.93
UT Khawaja,2016,127,99,6,14,3,6,21.17,128.28,17.17,63.21
UT Yadav,2013,38,38,7,3,1,1,38.0,100.0,10.53,57.31
UT Yadav,2018,3,11,5,0,0,4,0.75,27.27,0.0,11.21
UT Yadav,2019,25,25,5,3,1,2,12.5,100.0,16.0,48.2
UT Yadav,2022,55,40,7,4,4,4,13.75,137.5,20.0,64.5
V Kohli,2009,553,430,26,48,20,22,25.14,128.6,15.81,64.66
V Kohli,2011,557,459,16,55,16,12,46.42,121.35,15.47,70.2
V Kohli,2012,364,325,15,33,10,13,28.0,112.0,13.23,58.65
V Kohli,2013,639,454,16,65,22,14,45.64,140.75,19.16,78.39
V Kohli,2014,359,294,14,23,16,13,27.62,122.11,13.27,62.55
V Kohli,2015,505,386,16,35,23,11,45.91,130.83,15.03,73.7
V Kohli,2016,973,637,16,84,38,12,81.08,152.75,19.15,97.36
V Kohli,2017,308,252,10,23,11,10,30.8,122.22,13.49,63.91
V Kohli,2018,530,379,14,52,18,11,48.18,139.84,18.47,78.9
V Kohli,2019,464,327,14,46,13,14,33.14,141.9,18.04,73.62
V Kohli,2020,471,384,15,24,11,11,42.82,122.66,9.11,68.01
V Kohli,2021,405,337,15,43,9,14,28.93,120.18,15.43,62.73
V Kohli,2022,341,294,16,32,8,15,22.73,115.99,13.61,58.21
V Sehwag,2009,554,351,25,71,21,24,23.08,157.83,26.21,77.61
V Sehwag,2011,424,239,11,51,18,11,38.55,177.41,28.87,92.16
V Sehwag,2012,495,307,16,57,19,15,33.0,161.24,24.76,82.65
V Sehwag,2013,295,229,13,41,6,12,24.58,128.82,20.52,65.46
V Sehwag,2014,455,314,17,56,18,17,26.76,144.9,23.57,73.38
V Sehwag,2015,99,84,8,12,3,8,12.38,117.86,17.86,55.67
V Shankar,2018,212,147,9,11,11,4,53.0,144.22,14.97,81.88
V Shankar,2019,244,193,14,11,12,12,20.33,126.42,11.92,61.08
V Shankar,2020,97,96,5,10,1,4,24.25,101.04,11.46,52.41
V Shankar,2021,58,52,5,1,3,5,11.6,111.54,7.69,50.79
VR Iyer,2021,370,288,10,37,14,9,41.11,128.47,17.71,71.37
VR Iyer,2022,182,169,12,17,7,11,16.55,107.69,14.2,52.54
VVS Laxman,2009,83,93,11,8,2,11,7.55,89.25,10.75,40.87
WA Mota,2009,30,48,6,0,0,5,6.0,62.5,0.0,27.4
WD Parnell,2011,37,39,5,2,1,3,12.33,94.87,7.69,44.42
WD Parnell,2012,19,27,5,2,0,4,4.75,70.37,7.41,31.53
WP Saha,2009,139,94,13,12,5,6,23.17,147.87,18.09,72.03
WP Saha,2014,362,249,13,33,18,11,32.91,145.38,20.48,75.41
WP Saha,2015,249,197,13,16,10,13,19.15,126.4,13.2,60.86
WP Saha,2016,270,212,12,29,1,11,24.55,127.36,14.15,63.59
WP Saha,2017,234,186,11,20,8,10,23.4,125.81,15.05,62.69
WP Saha,2018,122,102,10,17,1,8,15.25,119.61,17.65,57.47
WP Saha,2019,86,53,5,13,1,5,17.2,162.26,26.42,77.07
WP Saha,2021,131,139,9,7,5,9,14.56,94.24,8.63,45.25
WP Saha,2022,317,259,11,40,7,10,31.7,122.39,18.15,65.27
WPUJC Vaas,2009,60,55,7,2,2,5,12.0,109.09,7.27,49.89
Washington Sundar,2017,9,12,5,0,0,1,9.0,75.0,0.0,33.6
Washington Sundar,2018,65,38,5,5,4,3,21.67,171.05,23.68,81.82
Washington Sundar,2020,111,95,9,10,2,6,18.5,116.84,12.63,56.66
Washington Sundar,2022,101,69,7,9,3,7,14.43,146.38,17.39,67.8
Y Nagar,2011,111,100,10,6,6,7,15.86,111.0,12.0,53.14
Y Nagar,2012,153,133,8,13,3,5,30.6,115.04,12.03,60.66
Y Venugopal Rao,2009,158,157,16,9,4,15,10.53,100.64,8.28,46.12
Y Venugopal Rao,2011,336,279,14,30,13,12,28.0,120.43,15.41,62.45
Y Venugopal Rao,2012,132,126,7,8,5,6,22.0,104.76,10.32,52.77
Y Venugopal Rao,2014,71,63,5,8,0,3,23.67,112.7,12.7,57.09
YBK Jaiswal,2021,249,168,10,32,10,10,24.9,148.21,25.0,74.24
YBK Jaiswal,2022,258,191,10,28,10,10,25.8,135.08,19.9,68.33
YK Pathan,2009,594,387,27,47,38,24,24.75,153.49,21.96,75.69
YK Pathan,2011,283,200,11,24,13,10,28.3,141.5,18.5,71.62
YK Pathan,2012,194,166,16,10,7,10,19.4,116.87,10.24,56.56
YK Pathan,2013,332,239,16,30,15,11,30.18,138.91,18.83,71.4
YK Pathan,2014,268,165,12,15,20,9,29.78,162.42,21.21,81.12
YK Pathan,2015,312,229,12,29,12,7,44.57,136.24,17.9,75.9
YK Pathan,2016,361,248,13,33,13,5,72.2,145.56,18.55,90.81
YK Pathan,2017,143,115,11,9,6,8,17.88,124.35,13.04,59.5
YK Pathan,2018,260,200,13,22,11,9,28.89,130.0,16.5,66.86
YK Pathan,2019,40,45,7,1,1,3,13.33,88.89,4.44,41.78
YS Chahal,2017,13,26,6,0,0,3,4.33,50.0,0.0,21.73
YV Takawale,2014,104,91,5,17,1,5,20.8,114.29,19.78,57.99
Yuvraj Singh,2009,599,494,28,46,30,24,24.96,121.26,15.38,61.56
Yuvraj Singh,2011,343,261,13,24,18,10,34.3,131.42,16.09,69.51
Yuvraj Singh,2013,238,190,13,14,15,12,19.83,125.26,15.26,61.09
Yuvraj Singh,2014,376,274,14,22,28,11,34.18,137.23,18.25,72.21
Yuvraj Singh,2015,248,209,13,23,10,13,19.08,118.66,15.79,58.25
Yuvraj Singh,2016,236,179,10,22,13,9,26.22,131.84,19.55,67.13
Yuvraj Singh,2017,252,176,11,30,8,9,28.0,143.18,21.59,72.79
Yuvraj Singh,2018,65,73,6,6,2,6,10.83,89.04,10.96,42.14
Z Khan,2009,32,24,6,3,1,2,16.0,133.33,16.67,63.07
